{
  "aggregate_preferences": {
    "hiking": 0.18518518518518517,
    "food": 0.16666666666666666,
    "nightlife": 0.018518518518518517,
    "safety": 0.12962962962962962,
    "culture": 0.09259259259259259,
    "beaches": 0.018518518518518517,
    "walkability": 0.05555555555555555,
    "public_transit": 0.05555555555555555,
    "cleanliness": 0.07407407407407407,
    "affordability": 0.09259259259259259,
    "english_friendly": 0.09259259259259259
  },
  "vetoed_cities": [
    "new york"
  ],
  "top_recommendations": [
    {
      "city": "Barcelona",
      "country": "Spain",
      "match_score": 37.7,
      "features": {
        "hiking": 1.0,
        "food": 4.0,
        "nightlife": 6.0,
        "safety": 1.0,
        "culture": 2.0,
        "beaches": 2.0,
        "walkability": 7.0,
        "public_transit": 5.0,
        "cleanliness": 4.0,
        "affordability": 3.0,
        "english_friendly": 6.0
      }
    },
    {
      "city": "Tokyo",
      "country": "Japan",
      "match_score": 18.4,
      "features": {
        "hiking": 7.0,
        "food": 2.0,
        "nightlife": 6.0,
        "safety": 6.0,
        "culture": 7.0,
        "beaches": 3.0,
        "walkability": 1.0,
        "public_transit": 6.0,
        "cleanliness": 7.0,
        "affordability": 1.0,
        "english_friendly": 4.0
      }
    }
  ]
}