{
  "aggregate_preferences": {
    "hiking": 0.1694915254237288,
    "food": 0.15254237288135594,
    "nightlife": 0.01694915254237288,
    "safety": 0.11864406779661017,
    "culture": 0.0847457627118644,
    "beaches": 0.01694915254237288,
    "walkability": 0.0847457627118644,
    "public_transit": 0.0847457627118644,
    "cleanliness": 0.0847457627118644,
    "affordability": 0.0847457627118644,
    "english_friendly": 0.0847457627118644
  },
  "vetoed_cities": [
    "new york"
  ],
  "top_recommendations": [
    {
      "city": "Barcelona",
      "country": "Spain",
      "match_score": 37.7,
      "features": {
        "hiking": 1.0,
        "food": 4.0,
        "nightlife": 6.0,
        "safety": 1.0,
        "culture": 2.0,
        "beaches": 2.0,
        "walkability": 7.0,
        "public_transit": 5.0,
        "cleanliness": 4.0,
        "affordability": 3.0,
        "english_friendly": 6.0
      }
    },
    {
      "city": "Tokyo",
      "country": "Japan",
      "match_score": 18.4,
      "features": {
        "hiking": 7.0,
        "food": 2.0,
        "nightlife": 6.0,
        "safety": 6.0,
        "culture": 7.0,
        "beaches": 3.0,
        "walkability": 1.0,
        "public_transit": 6.0,
        "cleanliness": 7.0,
        "affordability": 1.0,
        "english_friendly": 4.0
      }
    }
  ]
}